,identifier,asset_type
*.dhs.gov
*.biometrics.gov
*.cbp.gov
*.cisa.gov
*.cpnireporting.gov
*.cyber.gov
*.cybersecurity.gov
*.disasterassistance.gov
*.dotgov.gov
*.e-verify.gov
*.everify.gov
*.evus.gov
*.fema.gov
*.firstrespondertraining.gov
*.fleta.gov
*.fletc.gov
*.floodsmart.gov
*.get.gov
*.globalentry.gov
*.homelandsecurity.gov
*.ice.gov
*.juntos.gov
*.listo.gov
*.nic.gov
*.niem.gov
*.nmsc.gov
*.power2prevent.gov
*.preventionresourcefinder.gov
*.ready.gov
*.readybusiness.gov
*.safetyact.gov
*.schoolsafety.gov
*.secretservice.gov
*.stopransomware.gov
*.together.gov
*.tsa.gov
*.us-cert.gov
*.uscg.gov
*.uscis.gov
*.usss.gov
*.trumpcard.gov
trumpcard.gov
